,Bioactivity_Score,Bioactivity_Score,Bioactivity_Score,Bioactivity_Score,LogP,LogP,LogP,LogP,TPSA,TPSA,TPSA,TPSA,MolWt,MolWt,MolWt,MolWt,Dipole_Proxy,Dipole_Proxy,Dipole_Proxy,Dipole_Proxy,Max_Partial_Charge,Max_Partial_Charge,Max_Partial_Charge,Max_Partial_Charge,Balaban_J,Balaban_J,Balaban_J,Balaban_J,Bertz_CT,Bertz_CT,Bertz_CT,Bertz_CT
,count,mean,std,median,count,mean,std,median,count,mean,std,median,count,mean,std,median,count,mean,std,median,count,mean,std,median,count,mean,std,median,count,mean,std,median
Region,,,,,,,,,,,,,,,,,,,,,,,,,,,,,,,,
Hotspot,82,6.206125199914634,1.13755691558274,6.134156183,82,1.784210975609756,1.1191229264231655,1.9556499999999999,82,30.277682926829268,23.60840210858087,37.3,82,159.01384708292684,23.044894191410147,158.0592462,82,0.48076524647560975,0.2601244993812794,0.4816879485,82,0.15941285930487803,0.11946503932296104,0.1630132805,82,2.7907289693048782,0.19968634210262126,2.8400395530000004,82,296.928556335,104.17186750327669,278.5960026
Ordinary,243,4.1201458364362145,1.7424109424876124,4.034152195,243,1.2542588477366254,1.110302703883002,1.2844,243,28.55909465020576,19.854581127259724,26.02,243,141.63938120786008,26.569752540199136,141.0345269,243,0.4860363490329218,0.19336627520129265,0.462195791,243,0.12250965918930042,0.09833742870665646,0.115097739,243,2.6990882317325102,0.3461492850419857,2.832085835,243,200.8620915929218,113.07313897082226,193.2875676
