ID,SMILES,Manifold_X,Manifold_Y,Bioactivity_Score,LogP,TPSA,MolWt,Dipole_Proxy,Max_Partial_Charge,Balaban_J,Bertz_CT,Region,Hotspot_Label,Local_Sensitivity,Max_Local_SALI,Cliff_Count,Neighbor_Count,Selection_Order,Single_Molecule_Priority
1,COc1ccc2ccccc2c1,7.455242,7.9248977,9.242442703,2.8484,9.23,158.0731649,0.61574448,0.118999375,2.673996463,392.881175,Ordinary,-1,6.163868816095413,7.941948304706187,0,12,1,0.19999999999999996
12,COc1ncc2ncn(C)c2n1,-9.784815,2.3471205,6.100262351,0.3719,52.83,164.0698109,0.784423694,0.317690131,2.713681303,408.6986225,Hotspot,4,2.4480983551279007,5.354144160261176,0,6,2,0.17179097075315397
86,C=Cc1cccc(C(C)C)c1,6.653548,8.386989,6.168050015,3.453,0.0,146.1095504,0.07660912,-0.021860763,3.001937177,245.9701524,Hotspot,10,1.8044061185449796,3.9625465618365343,0,9,3,0.23556007453146
101,Nc1ccc2ccccc2c1,7.8830075,8.158957,8.405303476,2.422,26.02,143.0734993,0.430703486,0.031992606,2.828901216,379.2844904,Hotspot,0,3.977641152284271,9.387295396732087,0,13,4,0.2968663786529018
118,CC(CS(N)(=O)=O)c1ccccc1,12.059989,1.9044977,6.83319616,1.0786,60.16,199.0666997,0.437880301,0.209170377,2.756569313,358.4609085,Hotspot,3,2.541283393733804,7.474634153985051,0,6,5,0.245867028887645
140,CCC(C)N1CCNCC1,23.162949,20.664013,3.893016486,0.6901,15.27,142.1469986,0.325205296,0.011019059,2.239538806,87.25838097,Ordinary,-1,1.5796506152742045,2.352176345828433,0,8,6,0.0
236,OCCn1cnc2cncnc21,-7.445361,-3.3533778,6.48084188,-0.1814,63.83,164.0698109,0.557271936,0.16275394,2.548405447,383.5417534,Hotspot,8,3.5006156078907598,6.32810838190449,0,7,7,0.12263904450890659
318,C#CC1CCCCC1,3.8510957,-8.852051,7.399396679,2.1999,0.0,108.0939004,0.139790821,0.019978395,2.249802039,91.09616281,Hotspot,11,5.698699372861926,6.390973019458349,0,8,8,0.03386984902043488
